ID,summary_index1,summary_index2,summary_index3
79095,11,32,17
204506,50,41,7
142079,70,46,37
110816,50,6,42
207249,25,21,7
102859,5,31,27
146553,45,41,12
200151,30,11,27
72481,20,26,12
196094,20,6,12
199754,50,31,37
109982,10,16,27
122190,20,16,7
196250,20,31,17
205163,10,6,27
114549,25,11,22
189860,15,21,7
200575,55,6,52
206281,55,6,37
81617,5,11,37
202743,20,6,17
204520,85,61,82
200207,20,11,17
105903,45,16,7
98372,20,6,17
145975,25,6,32
96876,20,6,12
201032,65,61,12
203186,40,51,47
110756,5,46,32
119589,15,26,12
106840,30,66,62
202159,70,146,67
111019,5,36,32
103100,10,21,7
70367,25,11,7
163580,25,6,17
121246,25,16,7
195001,5,16,12
201347,95,46,22
198060,40,26,7
154364,80,56,67
166370,130,6,77
202647,25,11,22
199713,40,66,27
211251,25,6,12
81555,65,36,62
211655,105,96,92
107847,25,6,22
83633,65,46,42
192145,45,21,32
100996,20,16,7
197506,25,16,12
185161,75,106,87
116091,30,21,7
197407,5,16,12
120116,20,16,7
98812,25,31,17
199353,25,11,17
64702,35,26,7
171810,90,46,67
99638,5,11,22
180311,50,41,27
117773,30,26,22
175396,15,21,7
190495,20,6,12
204084,65,71,22
119997,45,26,22
183643,90,61,47
83465,25,31,22
119189,55,11,42
111183,30,6,17
171641,25,31,7
197391,30,6,27
145704,20,36,17
199955,65,61,47
200900,20,6,12
74796,20,6,17
172951,45,41,7
102634,20,6,12
121933,35,26,12
183811,95,41,92
197227,25,16,12
190847,25,21,32
146152,20,31,7
84734,55,66,62
103905,30,6,17
125355,25,51,7
76709,10,31,52
211263,20,11,7
105286,40,21,32
209627,70,61,17
120696,35,31,12
85223,35,31,42
176501,20,6,17
95438,20,6,17
74429,5,11,27
172547,85,121,92
152377,90,31,72
116321,35,6,32
103549,20,6,12
106560,20,6,17
199144,30,16,7
109201,20,6,17
194137,30,56,7
157098,20,36,32
141358,30,26,17
200177,15,61,52
201802,25,46,7
175051,30,46,7
201773,25,11,17
103105,20,11,7
102100,35,26,22
205004,5,36,12
166730,80,6,27
173218,60,26,37
166963,55,6,22
122250,20,26,12
101892,30,26,7
120816,90,26,97
199202,15,21,7
99397,5,51,37
140089,45,6,32
139639,20,6,37
159459,30,6,27
98550,25,6,12
100358,20,6,17
102020,35,11,32
81139,85,71,32
147181,85,21,42
202954,35,16,32
195068,35,6,22
79150,55,6,37
194629,110,41,52
197021,70,36,52
80654,55,31,77
197457,15,21,7
82136,80,61,67
124855,30,21,27
170880,20,16,47
207146,110,106,57
208793,60,36,27
194346,30,46,22
102625,5,31,12
154077,15,21,7
81475,30,21,12
114534,50,26,12
111691,65,36,57
163899,35,16,7
113773,70,76,67
106536,35,16,27
143114,70,41,52
85312,100,86,72
120819,25,6,17
105376,65,61,52
72436,25,21,7
152392,65,26,42
96070,20,16,7
198410,25,31,7
103708,5,26,12
206791,20,16,12
198881,30,26,7
200332,45,6,37
199130,25,11,17
166366,65,41,32
193947,55,36,32
121203,20,11,17
117474,85,81,77
166715,55,26,32
99686,25,6,22
183240,35,51,22
203098,45,6,52
199447,35,31,22
79383,20,6,27
75277,5,31,27
97053,40,51,32
172733,5,16,32
142964,40,81,97
197282,20,6,12
194200,55,51,32
197523,25,21,17
64818,20,26,32
83769,95,46,27
112741,5,16,27
165475,20,6,17
166747,25,16,22
198375,25,6,22
183476,45,36,42
196131,30,21,17
192153,30,21,52
114123,80,6,57
140048,75,116,137
118457,20,6,12
115977,20,16,7
123325,55,36,32
196657,40,56,27
80304,45,36,22
194668,65,26,52
144713,55,26,87
112294,45,11,37
69754,20,16,7
105272,65,51,7
204118,20,31,27
106040,20,11,17
205640,20,6,17
208073,30,16,22
210787,45,11,42
107902,35,16,27
209157,200,211,7
100032,25,16,7
191635,40,136,37
70159,20,6,17
207693,20,6,12
104663,60,36,7
74786,25,21,17
103936,65,51,57
205122,30,26,17
199875,70,6,42
191104,50,21,7
115039,30,26,7
182943,65,11,7
146037,80,36,22
106368,45,16,37
173600,25,6,32
194944,65,6,57
100083,25,6,17
207925,30,16,27
81720,85,31,82
120893,20,6,12
144692,40,11,87
81746,20,26,7
150875,35,6,27
161024,25,16,52
108746,20,11,17
73139,15,6,22
84249,35,41,47
206284,85,21,82
193914,30,6,17
194486,40,106,22
100715,25,11,17
204072,25,11,17
118317,20,16,12
115657,35,11,32
168581,35,21,12
116380,60,36,72
70889,35,6,32
97323,15,21,12
111042,30,21,17
206697,30,21,27
107246,35,26,22
205306,10,31,7
94410,20,6,17
199469,20,26,17
185563,35,26,7
107924,25,21,7
191560,15,11,7
203224,35,21,7
141562,45,31,7
83391,35,16,27
211143,70,6,62
103415,15,21,7
191098,55,36,12
83594,40,146,117
111875,55,36,67
70714,25,6,22
189903,25,16,7
154546,5,36,32
115864,30,16,12
193961,5,16,37
139803,45,101,107
196733,30,6,27
99572,40,51,22
142083,60,56,17
196074,60,31,57
182956,50,26,12
114041,35,26,17
194814,35,21,32
172074,50,31,7
104139,30,21,12
116293,45,11,32
114790,20,6,17
203170,45,41,17
70799,35,16,22
102639,35,21,7
106742,35,6,32
186274,115,51,67
76197,35,11,27
75534,20,6,12
211443,60,66,12
200413,10,26,22
193358,60,6,37
194317,60,56,7
70755,35,6,32
179934,35,6,32
161640,45,11,32
178674,25,11,7
118059,55,46,52
199533,30,6,27
117465,85,16,47
98078,25,16,12
106671,15,21,12
166431,80,16,72
118987,20,6,17
199227,25,21,17
101202,20,6,17
139663,75,36,47
199293,80,36,12
105323,60,11,22
209975,70,41,77
108441,20,41,7
193796,30,16,27
103380,5,21,17
177816,50,6,47
204489,55,106,112
106002,25,6,22
199092,25,21,7
201717,10,16,22
81586,25,31,12
145685,65,41,57
121994,20,16,12
149295,55,81,77
69625,60,16,27
70693,45,6,17
201152,5,31,22
97914,25,6,22
121930,25,6,12
115497,55,21,12
115455,5,51,32
117668,55,31,22
120412,25,21,12
75257,20,11,17
70478,25,6,17
111846,15,21,7
193778,20,6,17
187469,60,231,57
106635,5,21,12
84135,20,16,7
75869,5,21,12
189296,15,21,7
198230,15,11,22
138137,30,6,17
178073,30,21,12
86427,20,26,7
196414,5,21,17
201331,70,21,17
164657,5,126,112
198216,35,16,27
196031,40,46,67
96686,30,11,27
178172,60,6,32
72004,5,21,17
205202,45,26,7
105530,20,16,7
206793,25,21,17
196798,15,51,32
201931,25,6,17
112324,30,21,27
69644,75,41,67
98983,5,21,17
96636,30,26,7
145715,30,6,27
186106,125,6,47
71005,80,16,32
120206,50,6,42
184372,100,56,97
81740,45,31,37
172739,120,76,72
181042,20,6,12
191124,5,26,17
70253,60,81,122
138569,30,11,17
191351,45,36,32
141602,30,26,22
117990,25,81,7
199481,100,71,22
185553,45,61,12
81035,30,16,22
194903,75,31,52
153115,50,11,27
164073,100,86,107
112505,20,6,17
189861,180,176,102
136205,55,46,52
70844,60,46,12
210137,45,6,32
116409,5,11,17
80348,130,126,7
196399,50,26,7
120998,30,6,52
71225,80,76,57
210113,35,31,42
81576,35,31,7
102663,15,21,12
106962,5,11,17
118711,20,6,12
186332,25,11,17
197162,45,16,12
196861,5,11,27
84491,50,36,67
70737,25,11,22
106280,25,21,7
157309,110,116,47
105500,5,16,12
120265,25,16,7
83827,160,51,67
159905,150,21,72
98216,5,11,22
102409,5,21,17
148166,70,26,47
115102,35,6,27
144000,25,6,12
79145,30,11,7
97361,30,6,17
194870,80,76,17
100736,20,16,12
157262,65,26,47
99082,20,16,7
106267,15,21,7
208228,25,16,7
167572,10,21,7
119234,25,6,17
116503,35,6,22
114801,45,16,22
84439,55,16,42
71299,15,21,7
175632,20,6,17
109374,45,6,42
70982,20,6,12
165209,30,6,37
194567,45,51,32
120704,35,26,12
124858,30,6,22
203290,5,21,12
165877,20,16,7
123774,165,161,157
191724,50,56,82
186160,55,6,47
175356,25,46,12
115965,70,11,7
75224,20,16,12
145870,25,6,17
206657,25,6,22
99854,20,16,12
107171,5,21,12
118526,20,6,12
201000,50,46,42
81548,20,16,12
79832,25,6,22
175018,50,36,12
105849,25,41,37
193741,80,76,37
204701,30,26,22
140088,20,11,7
82922,30,6,17
153116,165,106,7
100008,20,11,7
104720,20,11,7
120202,35,26,32
79899,20,6,17
85551,50,41,27
108939,25,11,7
197185,30,6,17
104549,20,11,17
121436,5,16,27
203022,60,66,17
196034,55,36,22
81355,15,91,72
164785,50,56,42
111943,20,46,7
100713,5,11,32
80866,55,6,52
185817,70,31,12
103132,20,6,12
85083,105,91,87
112947,20,26,7
139131,50,61,7
108758,20,31,7
197956,20,6,17
198343,35,46,42
108022,35,26,12
120864,25,6,17
111238,15,81,57
100303,5,21,12
198843,60,56,47
101999,25,11,17
146031,105,96,27
112836,50,6,12
182946,50,41,47
136202,20,6,12
207112,110,66,107
97257,20,6,12
108934,55,6,12
79069,60,11,7
101440,5,21,17
199039,85,26,67
106885,45,11,22
115029,35,21,42
122477,20,6,27
116766,135,86,7
147817,20,16,12
102588,30,36,22
98264,20,26,12
145284,60,56,32
101624,25,21,7
193636,65,141,37
82867,65,21,17
185425,25,41,22
171423,50,41,37
98531,25,36,22
164539,60,26,7
103727,15,21,12
191650,170,6,107
106682,35,11,22
135801,35,11,32
199256,10,21,17
115878,20,16,7
147684,5,11,22
196508,105,6,32
158777,60,11,37
118509,40,46,37
196803,30,6,22
81787,30,21,27
172933,50,46,27
186666,45,41,12
85581,50,66,27
85676,20,16,12
192701,20,11,7
82059,40,46,37
76202,15,6,22
165733,40,76,62
197078,45,6,12
108380,25,41,7
172651,45,41,22
70767,60,51,12
75823,20,26,12
118683,30,6,17
168211,55,41,12
172213,50,46,22
207314,25,16,12
196785,45,11,7
113220,30,26,7
190682,95,91,42
113466,15,61,7
198056,155,91,77
117143,70,26,32
94837,25,16,12
115295,20,31,12
95208,20,16,32
99007,20,6,12
192588,35,51,32
145944,20,16,12
115064,35,16,47
191818,25,6,12
73613,25,16,7
138638,45,71,22
205953,15,21,12
173628,45,16,27
199049,35,6,32
179191,50,56,62
70292,45,16,22
112168,25,21,7
123303,25,21,12
158764,95,41,102
164656,75,71,47
191599,80,61,67
84781,25,21,12
69534,105,86,7
110666,50,61,47
145882,55,21,37
116161,50,46,22
195353,45,56,42
80712,20,6,17
100946,20,6,17
161196,70,26,32
179164,45,41,7
115230,25,6,17
99968,50,11,47
71158,65,6,27
157077,75,56,67
197389,25,46,12
205233,20,6,12
129786,15,6,32
207853,20,16,7
84192,55,41,37
186647,50,21,32
69895,45,16,27
190689,20,86,52
195146,60,6,12
195224,30,46,62
70393,145,151,142
194741,90,86,42
186269,95,91,7
99930,15,26,7
118098,45,41,12
77014,20,16,7
98942,55,51,27
75483,45,41,37
185877,125,51,17
208802,35,11,32
190742,15,21,12
83190,75,46,87
79981,70,41,67
100418,25,6,17
72621,20,11,17
134120,25,21,12
113341,60,6,52
190890,35,31,7
123161,55,41,32
98706,10,16,7
184110,15,11,162
172720,85,61,67
190845,15,21,32
94301,25,16,7
97634,20,11,27
194742,55,26,7
146713,20,31,7
142225,80,61,72
199284,25,31,7
111166,25,16,7
125326,50,36,27
196614,25,16,12
97235,25,6,22
69638,55,6,52
85220,15,101,12
153101,95,46,22
83744,25,21,7
115865,60,56,22
203516,30,6,27
79947,95,21,27
99296,25,21,7
81212,30,26,7
199495,20,6,12
196926,30,16,7
184151,55,21,37
176269,40,61,47
183242,45,16,32
191382,70,56,37
106139,25,11,22
159420,35,16,27
70386,30,21,12
198154,10,31,7
106969,40,26,17
195147,35,6,22
175348,20,11,17
194101,85,26,17
104071,15,6,22
72906,15,21,7
193803,100,66,52
194953,20,6,12
110993,45,21,12
200497,25,16,22
179615,80,51,42
108464,20,16,12
104185,5,21,27
144366,60,31,27
127020,35,26,12
175634,55,51,62
99751,25,31,12
170617,50,31,7
174804,30,21,27
98576,20,16,12
71029,60,66,52
204351,20,11,7
102999,20,6,37
197219,25,21,72
194009,80,6,37
145683,35,21,27
119021,25,16,12
129779,35,21,32
196429,30,21,27
122926,25,21,17
99764,45,11,22
115410,60,26,22
80358,65,31,17
196115,25,16,22
172750,60,51,47
106178,35,26,7
96139,25,21,17
109082,20,6,17
69621,55,31,42
196264,70,61,67
107159,25,6,17
182986,50,36,17
83557,95,81,42
82638,15,6,22
122791,35,31,52
198204,20,11,17
192892,65,46,22
105902,40,36,62
145397,30,11,27
207487,60,26,57
109431,50,26,12
179572,50,16,7
112707,60,56,22
119865,25,6,17
99463,25,6,22
159906,55,81,32
122446,45,26,7
140482,50,46,42
102674,35,26,32
111276,25,6,12
184679,105,66,72
81014,50,46,17
202700,15,26,12
185370,140,156,32
108218,30,56,52
80345,20,6,12
70724,20,6,17
83319,60,121,117
141107,10,26,7
106085,20,11,17
138189,65,31,37
201275,120,66,112
148243,35,31,12
200701,35,31,7
111692,80,76,17
92388,20,6,17
81753,20,11,17
190378,60,36,42
108244,40,46,32
207325,20,6,12
158519,105,101,7
103420,25,11,22
201145,15,31,12
190834,80,31,12
204335,35,51,27
69832,45,41,17
147813,115,76,72
203301,135,131,127
99794,50,26,7
167671,20,6,37
104435,35,31,17
107393,20,11,7
107011,160,156,87
149867,100,6,27
99181,15,21,7
200597,50,31,57
160653,35,21,7
81215,25,6,47
205295,20,6,17
104192,20,11,7
200013,35,11,52
190579,25,16,22
76305,15,6,22
96955,50,56,7
106043,20,6,17
196816,25,16,7
200094,20,36,7
176460,20,46,17
122557,35,21,32
166751,110,46,17
190726,25,11,17
114773,30,21,27
75990,30,26,22
159255,20,6,12
141545,20,26,7
173773,60,81,32
204789,20,6,17
201007,30,21,7
111633,50,21,17
112560,5,51,27
203348,110,41,102
117913,65,6,12
86123,20,6,17
96887,25,11,22
100404,25,21,17
123127,60,31,57
191279,20,11,17
199201,60,11,27
82997,50,61,17
85593,185,181,97
210285,55,6,32
199455,30,26,7
167839,15,31,7
114560,25,31,12
197473,65,111,97
194044,15,31,7
84868,65,6,62
113563,55,46,7
190994,35,21,7
160223,70,66,22
118788,35,6,12
82841,20,16,12
120423,50,6,42
151036,20,6,17
107613,20,6,47
203394,50,6,42
122711,50,31,12
81606,30,51,17
211167,20,16,7
117687,80,56,7
104559,50,36,17
108096,30,21,27
143823,35,6,27
83036,25,11,7
71828,20,16,7
97714,30,26,12
108713,5,11,22
70985,45,31,7
208048,20,11,17
171599,90,61,87
97678,5,11,32
82396,20,6,17
200003,20,16,7
84263,50,6,37
202864,25,51,17
208708,10,6,17
83548,45,36,27
160634,50,41,17
206274,55,16,12
205982,20,6,17
146591,20,26,17
85770,35,21,7
120815,25,21,12
79337,5,36,52
191653,75,71,62
177975,20,16,27
76622,30,6,12
103432,10,6,17
179770,30,6,12
199209,95,21,37
75802,15,21,7
198847,105,111,92
150877,55,41,47
81372,30,26,12
120581,65,46,12
119482,55,36,22
196641,30,21,7
124139,5,16,27
82172,30,6,17
118671,20,36,7
98596,5,16,27
192667,90,36,62
117863,50,61,57
104821,20,16,12
209903,55,41,52
81568,20,11,7
196582,90,71,27
119085,60,51,57
145887,15,21,27
96275,20,11,7
120630,45,51,7
76160,20,6,17
201621,50,41,17
198243,55,6,32
112060,95,61,57
177553,35,16,57
111223,20,31,7
190404,35,51,12
210047,135,46,27
197254,50,81,42
85074,25,21,12
199124,25,21,17
164797,70,76,7
197552,25,16,7
120260,30,11,17
154369,50,36,32
201518,45,36,7
85445,25,21,7
203310,25,6,17
84080,30,51,27
138135,60,81,127
159692,50,46,37
96612,5,16,22
196500,45,41,7
199016,25,36,17
206649,20,6,17
160633,40,11,47
64849,30,21,12
71798,10,16,7
76497,5,26,22
103652,30,16,22
148878,95,61,27
195100,50,116,77
184677,15,31,27
120195,30,21,7
199879,30,61,22
167854,20,31,7
140844,20,16,7
141581,20,6,17
198121,25,16,22
73136,30,36,27
79212,10,36,22
85326,35,31,7
191090,30,46,7
102860,30,46,12
202623,40,36,87
70464,20,6,12
102785,20,6,12
199866,65,6,42
194084,20,26,32
141185,20,16,7
189649,65,56,17
160249,65,11,37
74256,25,6,22
81694,25,6,17
100283,25,11,17
77060,30,26,7
191387,10,66,32
111908,30,46,22
96327,15,6,12
210045,50,46,12
105887,20,6,17
197033,70,81,102
191578,15,21,12
120211,30,11,7
84293,5,36,12
138634,25,11,32
69998,30,26,7
83413,55,31,7
107433,45,61,37
120591,40,56,72
80893,45,71,42
133489,70,66,12
206894,30,16,27
85450,45,21,17
201438,25,31,12
189967,30,16,27
104633,30,26,22
198756,85,26,17
105394,20,16,12
198827,40,26,47
71727,25,6,12
84446,20,26,37
98753,25,11,22
167378,30,6,27
116025,25,16,22
199790,20,6,17
154767,5,16,27
160636,25,36,12
115684,30,26,22
83304,25,6,12
129656,20,6,12
196590,45,41,17
103758,55,21,62
191264,70,36,67
167891,90,71,47
194226,100,46,22
196950,30,36,42
139189,80,41,12
71614,30,21,12
159904,60,31,57
110264,15,21,27
111793,30,6,27
131272,20,6,27
81724,35,6,22
112457,50,41,22
161666,80,31,7
178185,5,46,17
196575,25,21,12
112109,45,41,7
158331,20,16,12
193968,25,36,22
203239,30,11,27
85162,55,36,52
142588,50,56,72
70698,110,91,22
199299,90,56,62
143116,105,46,117
165894,55,31,22
211323,195,111,7
80063,20,6,12
200838,25,6,12
198088,15,21,37
94824,15,21,27
171944,85,31,7
97934,30,21,27
146754,25,21,32
72740,20,6,12
196622,30,16,27
84596,20,36,7
110388,30,21,47
105994,5,26,22
191485,55,76,7
64833,20,31,7
117786,70,66,7
196140,45,21,32
98191,25,11,22
99587,55,16,7
107068,20,6,12
108972,20,6,17
75686,15,21,7
84869,25,6,22
205270,30,6,22
151168,15,6,27
85340,30,16,7
107931,35,16,32
110387,20,11,7
118958,20,11,17
190704,65,11,47
201274,100,96,22
190214,15,91,22
166514,45,6,37
204680,25,21,7
84260,45,31,7
108599,30,16,22
100420,35,16,22
204975,20,6,17
157263,115,6,192
193884,25,16,22
185851,85,66,12
98016,20,11,7
171476,35,21,47
99887,25,16,22
207482,50,26,37
81591,30,16,27
182933,35,16,27
210217,45,6,12
125466,20,6,27
103861,15,6,22
196831,20,16,12
100872,25,16,7
199280,30,26,17
201361,20,6,12
198092,35,26,17
100456,15,21,12
100920,30,11,17
211301,25,31,82
103826,20,6,12
160238,35,86,67
110134,25,16,22
98273,30,26,7
103181,5,16,12
190382,50,31,12
179930,25,11,22
193917,35,51,27
97619,5,26,17
96193,25,16,22
204240,185,31,37
100821,20,16,7
81472,30,46,37
95792,25,21,7
85026,20,11,7
198385,25,6,22
161829,20,16,12
70296,85,61,57
114788,20,6,12
85564,30,26,22
160183,130,126,37
142210,45,31,22
199224,10,41,47
152766,20,11,17
103098,20,11,7
192304,140,131,7
114660,20,11,7
116960,5,16,12
149011,65,26,17
96951,25,36,12
118612,30,11,22
191324,70,31,27
169584,5,36,27
102024,15,11,22
83516,25,31,7
116285,65,46,17
107352,15,6,22
75660,20,6,17
203864,70,41,62
103298,25,21,7
204244,65,56,22
71109,65,31,7
115702,75,41,12
83634,20,6,17
191728,30,16,22
108948,5,26,22
144850,70,91,42
191936,50,56,7
191684,55,41,47
106978,45,41,32
152391,50,91,97
149167,60,66,32
168107,20,26,7
198166,15,21,7
196381,30,46,37
96001,25,16,22
191708,30,66,42
191790,35,6,32
81937,25,6,22
191344,5,26,12
112909,65,46,57
210239,50,41,27
205302,75,36,7
149181,85,56,37
211309,25,6,22
205609,45,11,37
183401,50,141,137
196458,35,26,17
206642,20,31,27
98661,20,11,17
164800,35,6,32
211107,135,16,62
143969,80,36,32
117524,65,6,52
124999,45,16,22
167474,5,76,87
203144,35,21,27
109385,45,36,32
196492,55,31,42
138192,105,56,47
98564,25,6,22
118847,50,31,12
173750,30,26,7
184755,70,36,27
164786,50,46,12
125317,50,46,42
178118,35,26,7
97247,60,6,42
122248,30,26,17
107274,30,21,17
114944,5,26,32
103892,35,11,22
160698,125,121,112
113554,20,16,12
120811,130,21,42
183599,80,71,7
76144,5,11,22
200723,15,6,12
109337,35,31,7
136559,120,76,7
70539,105,51,102
179489,20,6,12
85033,85,36,42
194873,90,61,52
137961,35,26,52
203080,80,36,7
158446,60,56,67
94589,20,6,12
79355,15,21,7
115063,50,56,42
124925,10,6,22
194385,20,6,47
76142,30,26,7
198823,20,36,27
195038,50,11,27
100017,25,16,12
65010,25,16,12
118510,50,36,27
171424,15,31,27
200963,25,16,12
104587,45,26,22
200407,10,36,32
71565,20,11,17
111472,45,41,7
105789,20,16,7
80157,60,66,57
196675,25,6,17
99978,20,6,12
73810,20,6,17
196577,55,6,22
203560,80,41,77
109577,50,6,22
103614,5,26,12
204851,20,26,17
83387,20,6,12
109752,20,6,17
101728,5,16,22
204500,90,86,27
183977,30,6,22
97710,25,6,22
71188,45,21,37
192080,55,51,7
114523,60,66,12
116249,65,51,37
141341,70,56,47
190543,20,6,17
171213,20,26,17
115502,50,6,42
203609,25,16,7
192202,45,6,27
191879,80,51,37
198812,20,6,12
204278,60,66,12
199362,45,6,42
198219,5,11,22
120611,55,6,12
210151,25,21,7
142024,105,101,62
191049,25,21,12
69739,55,6,17
207275,20,11,17
171623,45,31,27
85476,125,121,77
203196,25,21,7
205031,25,6,12
200728,45,11,7
185804,65,36,7
192047,30,16,22
104508,20,11,17
79325,20,16,7
160214,65,46,42
83987,75,86,52
158776,55,26,32
102282,35,51,22
120734,35,6,32
159424,30,56,42
102692,20,16,12
111252,20,6,17
192494,30,26,17
107796,45,56,42
168194,20,16,12
206633,5,26,17
70148,5,21,12
168444,25,46,52
202951,35,11,7
108556,60,26,57
191369,15,11,22
83091,25,6,12
185557,45,26,22
191740,50,81,22
199711,5,21,12
106051,70,26,17
199729,30,21,67
98451,35,21,7
108880,20,6,17
194432,5,16,22
102191,20,16,12
72963,25,16,22
192163,65,61,22
103618,20,11,7
120596,20,11,7
185885,40,36,47
140831,30,41,27
76088,25,6,17
196241,75,51,67
111029,65,31,7
199725,40,71,22
194312,40,96,7
189676,45,6,42
74605,25,21,7
192970,45,71,17
75863,50,36,47
189865,20,26,37
197564,10,36,7
82167,35,31,27
81520,30,21,7
80475,30,11,17
75561,20,11,17
166350,135,26,62
117189,35,11,7
190426,45,11,22
70212,65,46,42
127009,55,51,7
200363,45,51,27
71593,35,16,27
83245,95,46,117
105078,20,6,27
113963,50,56,7
194555,60,31,22
82951,35,31,12
82797,25,21,17
192754,40,51,27
139622,20,31,27
122420,35,6,27
178679,25,21,12
164176,35,26,72
108386,20,11,17
200794,30,6,47
207451,25,11,22
191291,30,16,7
189607,65,51,22
201791,35,31,12
104724,20,11,7
81259,20,6,12
70083,20,31,7
197448,25,16,7
97904,25,21,17
203650,85,61,32
182312,15,26,67
125470,20,16,7
182578,30,51,7
196462,20,16,7
194512,35,76,42
98108,25,11,22
95934,20,6,17
165460,40,36,52
199064,45,36,7
72709,30,26,22
183023,60,56,17
112097,25,16,12
82689,45,36,52
143045,15,36,32
117205,15,21,7
103469,20,6,17
171620,5,31,42
192704,95,71,17
194481,70,31,62
118602,20,6,17
119868,50,146,122
163912,45,6,12
70751,20,16,12
71047,50,31,7
115293,45,31,27
149411,80,46,7
193390,55,6,42
75995,25,21,17
100188,5,21,12
149532,30,21,12
83460,25,21,7
80657,20,6,17
118420,30,11,7
198436,55,11,17
184753,80,51,37
186629,45,16,27
200342,30,21,7
191120,25,21,7
114818,20,56,37
120775,35,21,12
156475,20,6,27
114590,10,26,22
83008,5,21,32
201857,30,16,27
104389,15,6,12
199389,20,11,7
211403,95,76,92
168272,35,51,32
113266,35,6,32
106091,10,21,17
117537,20,31,7
110427,30,36,12
190051,5,26,32
122609,20,16,7
206762,20,16,12
153384,20,16,7
104213,30,41,22
120845,35,31,12
100043,20,16,7
190696,20,16,7
70524,130,161,37
103581,35,21,32
107973,25,16,22
116130,55,21,42
99707,5,21,12
74792,25,21,12
76852,5,21,12
198013,35,31,47
201132,5,31,27
163549,25,16,7
126121,25,16,22
85787,35,26,22
120568,45,26,32
194966,75,41,17
153629,20,16,12
107934,30,56,72
185565,55,51,12
119882,20,11,32
124928,15,26,7
97031,30,21,7
191682,55,11,47
111999,30,36,27
205644,65,36,32
195158,40,11,27
179453,55,21,37
106453,35,6,17
98046,5,21,17
76563,30,11,27
193943,20,16,7
149494,55,26,32
187673,70,41,27
195246,95,46,92
203461,35,21,7
198365,20,11,7
211179,65,36,7
85005,50,36,42
127239,15,21,7
199405,60,56,52
211431,55,11,42
113069,20,11,7
199470,25,16,22
84996,85,111,57
115355,25,16,12
211605,45,6,12
200349,20,16,27
190770,25,51,22
168072,15,26,22
83719,25,6,22
169202,65,56,37
71257,35,51,27
130700,30,36,7
121811,45,41,7
83828,55,26,62
84294,35,6,12
190508,45,61,22
114737,45,41,37
103566,5,31,17
194992,25,11,7
150924,70,46,82
209145,85,51,7
98130,35,11,17
192591,35,6,12
141558,5,21,32
175347,20,11,17
83593,35,46,42
191618,80,101,77
153493,15,21,12
166976,30,16,27
97663,30,6,22
85738,25,11,7
97008,25,16,7
204847,10,6,27
100143,45,6,17
106747,25,16,22
113499,20,31,7
103115,25,6,17
201252,20,16,7
81788,50,31,12
194952,55,46,7
77043,25,6,12
120820,55,26,7
164315,115,21,12
100958,5,11,22
196806,60,31,22
201517,25,21,17
203449,30,11,22
113566,25,16,7
104273,70,31,62
191386,50,46,32
115811,25,16,7
170896,90,61,57
198112,45,31,27
105557,30,6,37
98508,20,11,7
203161,55,21,52
184531,100,41,97
84876,85,91,62
184672,25,46,7
194341,35,26,32
192098,35,6,32
83804,20,11,7
195325,20,16,12
114789,25,6,22
193828,20,31,12
163522,60,86,92
177639,45,36,27
108189,15,21,7
154216,60,46,17
107813,20,11,7
69547,25,46,37
206905,25,16,7
71222,30,26,17
209124,145,46,22
206999,5,46,17
206443,25,16,7
199669,30,21,17
189955,100,86,17
107320,65,6,62
84560,50,6,47
149894,90,111,117
84515,30,56,7
118196,20,6,12
120371,20,16,47
193877,45,16,42
118619,25,16,7
196153,80,76,32
121628,5,36,82
190784,65,41,37
193843,20,26,17
175437,30,16,22
106050,45,31,12
196510,35,6,32
191973,55,86,52
71116,20,11,17
106966,20,11,32
203217,15,36,22
116005,50,26,7
99436,45,16,37
96744,5,21,17
94197,25,21,17
71050,35,21,32
83346,20,16,7
205318,10,46,52
198339,30,6,22
171795,35,26,7
97306,25,31,17
140609,60,6,22
203649,45,26,17
119423,25,6,22
76527,45,6,37
196230,25,31,17
206646,35,11,32
114093,25,16,12
190606,70,46,67
193872,5,81,42
177905,90,16,77
120099,65,21,7
133448,30,6,22
76701,25,21,17
144861,45,26,22
175345,20,16,7
126247,5,11,207
113333,25,21,12
105829,20,6,17
187877,65,16,42
76343,15,6,22
175142,50,76,7
99130,30,21,7
70694,30,16,22
179873,25,6,22
113139,55,66,32
116778,20,16,7
203431,10,26,7
108173,30,26,22
99769,20,11,17
83383,45,41,7
76568,15,21,12
126537,20,6,12
80542,35,46,57
114113,20,6,12
97313,25,31,7
106378,20,36,27
73684,20,16,7
113682,25,21,37
120233,5,11,27
119477,30,36,27
71622,55,26,17
119421,25,16,7
194316,40,26,32
75853,20,11,17
190278,25,31,7
195089,35,16,27
198831,20,26,12
143563,30,6,22
83405,25,21,52
206823,15,11,22
199580,40,36,47
190463,25,81,67
107071,5,21,17
69770,20,6,17
190307,50,41,47
98797,30,16,27
110044,50,11,72
70697,20,16,7
119127,20,6,17
138979,65,16,52
202842,45,31,27
107313,25,36,17
107676,75,26,7
116981,95,61,92
193903,70,51,7
196270,50,6,107
76930,30,6,22
191854,40,16,47
210181,45,16,12
84302,25,16,22
204024,20,16,12
85226,30,16,22
206546,60,26,42
130664,35,106,87
75804,20,16,7
196477,30,6,17
202222,45,16,27
107285,40,51,47
71349,65,71,42
156636,20,16,7
190486,15,6,22
81358,20,16,7
200307,30,21,7
191439,20,26,32
191429,55,36,52
200709,25,21,12
84014,20,16,7
85035,35,51,42
168411,140,91,87
190654,50,6,27
190108,25,6,17
191216,45,51,22
109217,55,6,37
84032,50,26,22
103710,35,61,47
105292,15,26,12
152871,25,6,22
103923,5,16,37
191735,45,56,62
170884,25,16,22
199554,20,6,17
192092,30,6,17
191368,30,21,12
83431,35,31,17
71715,5,36,22
117603,80,51,17
83233,30,21,27
189059,20,16,12
104126,20,6,12
94360,25,6,22
194203,30,46,17
73356,15,21,12
84501,90,61,142
85469,110,96,7
200355,40,51,17
140296,35,26,22
122087,50,36,32
139247,25,11,7
84182,30,21,27
83803,55,36,22
81532,35,81,22
71443,35,6,22
117977,30,26,37
147604,35,101,107
185808,50,46,32
150936,25,41,47
113937,65,81,37
69823,55,41,52
199681,65,31,47
194519,45,41,32
65002,45,56,52
147378,50,61,77
84684,25,21,7
183616,110,141,107
106576,35,6,12
82478,35,56,12
165026,30,36,57
83049,40,56,27
80923,30,6,47
201030,20,26,17
83313,30,21,12
184752,5,41,12
108826,85,56,67
102506,20,6,17
205635,35,21,32
100297,20,6,17
200845,30,26,22
154986,20,11,17
197313,50,76,32
70726,45,41,7
85230,50,16,7
111903,30,6,22
172956,60,56,22
81749,30,6,27
94675,25,21,17
166518,55,96,22
183603,55,16,22
192656,35,6,22
84059,45,6,32
75613,20,16,12
96322,25,6,17
117219,25,16,12
201290,85,61,42
201560,60,36,12
126519,45,56,22
207511,115,46,107
185555,60,46,57
81904,105,96,32
205643,75,71,17
198994,30,11,7
151037,40,6,37
164255,5,21,27
114437,25,21,12
112396,25,11,7
175438,50,21,12
189633,25,21,17
118369,30,26,17
190781,35,16,7
101082,15,21,12
97366,20,6,12
159477,75,56,37
97924,20,6,12
199657,35,26,17
81191,35,31,7
124283,55,36,22
151525,15,6,22
101097,30,16,12
64770,50,31,12
166855,50,136,92
149533,35,21,17
203363,35,31,27
71657,20,16,12
119728,30,26,17
97771,20,16,7
125031,45,6,12
189178,35,26,17
108593,20,31,7
199517,25,11,7
170453,55,81,22
207140,65,61,17
142089,20,6,17
101838,25,6,22
111002,35,31,27
177812,30,36,7
120575,20,16,12
80811,20,16,12
199320,30,36,12
83173,45,51,7
186218,145,91,62
70765,90,51,17
119066,20,6,17
199442,35,16,12
145984,85,21,32
112523,20,6,12
108360,90,36,42
106648,25,11,17
190576,20,31,7
117923,25,11,32
106659,50,41,47
197601,120,56,52
99668,20,6,17
176673,25,6,32
81653,20,6,12
146814,95,86,47
85783,30,61,17
126159,130,136,112
77198,20,16,12
81297,50,56,17
185612,25,31,7
71105,20,11,17
102805,25,46,7
190783,5,16,22
198272,20,6,12
203079,30,21,27
97077,35,16,7
138150,25,6,17
167491,75,56,72
199226,90,66,7
194145,50,121,72
140078,25,11,7
126126,25,31,127
108009,50,46,27
81920,35,21,7
197394,10,6,17
124984,30,36,7
99631,20,11,17
190509,85,16,97
164092,35,21,17
143449,35,61,12
199441,20,11,7
110207,25,21,12
169036,70,36,32
195071,85,36,32
101054,20,6,17
114540,110,16,52
110701,20,6,12
199312,35,11,7
71065,20,6,17
103771,45,26,42
194997,50,6,12
190585,25,76,32
114928,25,31,12
85291,75,41,37
196420,55,61,7
211175,45,11,7
199807,15,21,12
84578,25,21,17
184769,75,26,12
176304,25,21,17
76516,40,56,17
65005,55,6,52
198085,30,16,7
120871,5,21,17
146586,85,66,7
205627,45,31,37
179631,50,41,27
199135,35,16,22
196495,25,31,12
196939,45,6,22
191204,45,86,62
161019,115,121,112
206901,25,21,7
199184,55,26,52
83377,45,31,52
211637,145,26,32
166367,55,41,22
72328,20,16,12
198767,30,21,7
102337,20,11,7
198858,25,6,22
205033,25,6,22
173295,65,26,47
202200,30,6,17
118889,15,61,37
199143,20,16,7
197472,65,46,7
206757,35,31,7
149727,70,51,37
104737,15,36,22
157672,40,101,17
124467,45,6,12
139193,30,16,7
158523,120,76,62
150883,105,36,62
170378,225,101,202
200611,25,6,22
96717,15,6,22
125420,25,21,17
199721,25,31,37
147373,25,21,7
196668,35,21,12
198821,20,16,7
84452,35,91,102
81117,85,31,37
196616,30,26,12
119590,35,31,27
82229,50,41,12
85410,50,116,112
118935,20,6,17
184577,45,51,12
154766,20,11,7
122561,35,26,22
97122,25,11,17
74816,25,6,22
194230,35,31,22
99973,30,16,7
197256,5,11,22
141570,50,26,97
205320,30,11,17
83033,25,16,22
125185,80,16,12
197134,40,46,37
186155,70,46,22
120609,35,6,22
145247,50,26,42
113961,45,6,32
122401,65,16,7
76058,30,26,17
113058,40,46,7
201705,20,11,7
118320,5,21,17
113838,15,61,12
99167,30,21,12
111047,25,16,7
104676,15,21,7
141596,20,31,37
86695,20,6,12
207780,10,21,17
187810,55,21,42
83382,15,51,7
106522,10,26,7
94249,20,6,17
169589,30,6,17
199106,10,26,22
85498,55,31,42
100314,30,6,27
167211,5,11,27
149715,60,56,32
115911,20,6,12
196254,25,6,12
111637,35,11,17
73650,25,16,22
114362,20,11,7
100140,25,6,22
105002,20,11,17
85488,85,11,57
111154,45,11,32
199333,30,26,12
119009,35,6,32
75556,20,6,17
206548,10,6,27
155722,35,11,17
112568,20,6,27
103883,10,21,17
73696,30,11,17
196586,30,41,67
114722,45,56,32
149342,75,11,82
120136,35,16,32
169588,95,61,47
196465,30,16,7
70190,5,16,12
192742,25,16,22
161211,60,41,47
191118,65,91,17
166424,35,96,62
100307,20,26,7
153305,20,11,7
110803,10,21,27
112790,20,16,12
140489,40,91,12
199791,25,11,17
97335,20,26,12
98309,30,16,7
119185,30,26,17
146455,35,41,32
109356,55,11,7
85484,30,16,57
173611,35,6,17
199077,25,36,7
183819,125,46,87
82186,35,16,22
99028,100,56,22
81662,30,36,52
200258,20,6,17
125426,5,11,22
209997,60,6,22
107483,25,21,12
99415,30,36,22
99742,5,31,17
111159,15,6,12
102969,20,6,27
142478,20,6,12
147602,40,76,57
119129,25,6,17
126209,35,31,17
115337,90,46,67
84997,70,56,22
211265,85,81,72
111031,45,41,27
167651,60,31,37
122414,25,6,22
115582,50,46,12
201656,20,16,7
92076,15,31,27
196769,50,26,22
72191,10,21,7
167555,15,26,22
206785,5,21,12
120476,50,16,7
140828,35,26,77
80190,55,51,62
80545,25,6,32
85668,35,21,32
101107,20,11,17
196194,50,26,7
75657,25,11,7
194739,35,11,7
101563,20,11,17
83869,60,46,42
83661,75,41,82
106022,5,21,12
82416,30,21,17
104765,30,6,27
74927,25,6,22
112404,25,21,7
191362,70,61,32
122276,45,31,42
200423,5,11,22
126484,120,86,117
80617,25,36,32
192133,25,6,22
187672,90,81,32
73677,10,6,22
112390,30,21,27
158549,95,46,52
199988,70,51,67
105851,35,41,22
159450,60,76,67
108655,20,6,17
111007,115,36,22
120718,45,51,7
185079,105,151,157
157694,50,116,107
84106,25,121,102
83737,75,16,22
168600,50,11,22
193995,30,21,7
103682,20,26,7
191181,25,6,17
197268,15,36,52
83735,30,26,7
160226,60,66,7
177564,70,16,27
201509,10,16,7
102114,20,6,37
190607,45,41,37
77087,25,21,7
206837,20,31,27
193335,70,36,47
106759,30,21,12
111137,5,31,12
93402,20,16,32
165928,50,31,12
203160,35,51,47
102488,30,26,7
95287,30,26,12
103983,20,16,7
198846,65,21,12
82586,25,6,17
105937,30,16,12
76458,25,16,7
165810,50,31,47
205210,30,26,37
102197,10,26,22
206975,15,21,12
79428,25,16,7
166977,80,61,17
80326,25,16,7
171583,5,36,12
140049,30,76,22
129713,40,46,12
113264,25,6,22
154385,100,61,42
140321,35,6,22
181679,35,26,22
107396,35,31,7
193646,90,26,32
83045,30,26,7
193343,65,6,52
191848,35,46,52
100204,30,21,17
109643,25,11,32
199453,45,6,17
207136,30,6,12
206759,35,46,27
117039,40,101,7
103036,25,11,17
200828,20,16,12
204041,25,11,22
147076,105,101,12
142580,25,21,7
118975,15,6,22
169496,35,86,92
114747,65,21,27
114841,25,11,17
203179,35,16,22
106784,25,31,17
190764,25,6,12
120033,20,16,7
105678,30,16,7
110376,30,21,7
171426,25,16,7
138191,45,11,7
82037,55,6,22
71371,45,26,7
135881,30,51,12
200988,55,46,12
82119,25,11,22
200265,20,6,12
81429,35,31,22
113091,25,36,32
71477,25,21,7
196598,20,6,12
200943,75,6,22
204499,85,61,12
121059,30,46,37
157831,55,6,52
198395,35,16,7
102814,5,21,17
170163,65,21,7
193794,20,6,17
92558,10,6,22
157678,55,21,52
184527,65,61,52
158496,45,16,37
155893,20,6,17
127761,20,6,12
191691,35,31,22
185893,95,66,87
133958,35,21,7
191421,40,46,57
81451,60,11,47
192197,20,31,42
111586,45,26,32
105389,20,16,7
105521,25,31,12
111058,40,46,7
97265,15,21,27
199163,65,6,22
191493,75,86,52
149509,15,26,22
81789,25,46,7
183319,45,11,42
197537,20,56,37
123011,35,6,27
191045,55,21,62
113478,15,26,22
199231,30,21,7
94201,25,6,17
113480,35,6,17
191869,20,41,47
82697,55,36,42
112530,30,21,27
197964,45,21,32
143806,50,36,42
70480,60,6,17
202852,55,21,17
179616,60,36,22
81369,30,21,17
111096,20,6,17
117368,20,6,17
123279,25,6,12
99918,5,26,12
206902,35,6,27
128125,55,61,17
198397,20,16,12
96093,30,11,7
100836,20,16,7
147198,35,26,32
175474,55,51,37
198965,15,26,22
143117,20,6,12
205040,30,26,22
80928,30,86,17
121827,30,26,7
105138,20,6,17
102593,15,26,12
120167,70,51,37
205081,30,26,17
108196,75,41,32
199054,65,26,12
71631,30,36,7
119333,30,36,17
192556,55,41,7
114769,50,26,32
184118,70,66,27
126135,105,61,37
172959,25,21,7
140091,45,26,42
148232,15,11,27
76030,25,21,7
160173,60,76,72
193994,45,51,7
79716,5,21,17
157559,20,6,12
97218,20,11,7
200244,45,36,17
109405,45,31,7
97991,20,6,17
102649,25,6,17
105367,25,46,22
196436,55,26,42
108058,35,31,27
85268,55,46,27
195168,90,36,87
76898,15,26,12
190749,50,31,7
110748,25,21,12
81100,30,21,7
76149,15,26,7
106592,35,6,17
191288,25,6,12
196721,20,6,17
114690,65,61,37
70780,25,6,17
166932,105,46,27
84393,130,126,72
120841,35,31,12
204279,155,51,7
85707,25,21,7
86064,25,16,7
80493,35,16,27
103015,20,26,7
81271,45,106,102
198900,20,11,17
102620,20,16,7
194123,110,66,7
108263,25,21,17
159442,45,31,27
189202,5,11,27
208741,40,26,127
121018,50,31,37
176317,45,36,17
105352,30,26,12
199083,25,21,17
203278,75,31,47
201495,20,6,17
143818,35,61,77
194936,25,21,12
203051,25,16,32
114895,20,11,17
189433,5,46,37
201627,65,11,37
96781,25,6,22
118402,20,6,17
143550,45,41,57
97443,5,21,27
206283,75,66,7
208377,25,11,22
71364,85,81,67
186660,75,36,67
106819,25,21,17
71399,60,36,82
122221,55,41,37
185130,55,16,12
184146,30,6,17
193773,25,16,22
98208,20,11,7
112653,5,21,17
144856,60,56,47
83879,30,21,12
177551,35,26,32
139248,35,16,7
82626,25,11,17
206441,15,21,7
69805,80,6,77
199254,35,21,52
184829,65,6,62
194087,30,26,7
165806,35,31,7
199692,10,16,22
211187,50,6,12
102990,35,11,32
97954,35,11,7
69592,50,11,37
82013,45,61,17
196986,75,66,42
148077,30,11,7
129749,100,36,17
203275,30,91,22
199788,30,11,7
84898,5,101,92
77063,15,21,7
83783,5,31,27
107509,5,21,12
211447,15,11,27
119133,25,6,12
102067,20,16,7
71134,30,16,7
64769,50,26,32
81333,20,6,12
156593,20,11,17
199509,20,16,7
72184,25,16,22
191499,30,11,7
199363,20,6,17
186158,60,51,57
70653,35,31,7
120625,35,31,17
106259,35,6,32
71112,70,76,67
157253,85,26,57
71346,50,56,22
143994,55,36,32
198290,35,26,32
70408,5,16,32
192174,35,21,7
120303,15,6,22
107216,25,6,22
185856,50,11,47
207542,130,76,7
190087,20,6,17
76518,20,26,17
197987,40,6,12
83502,65,36,47
110130,100,46,97
114570,25,36,7
70541,25,21,12
165156,85,26,32
160239,20,6,12
97093,25,6,17
197953,50,11,7
106822,25,31,7
143546,60,81,7
103559,25,21,7
116970,35,6,17
112641,60,56,47
97279,45,31,42
196329,15,31,22
84546,45,41,27
125172,15,21,12
83211,35,31,22
125216,20,6,12
192976,35,16,32
154163,25,16,22
210021,30,21,12
114892,100,31,42
210265,45,76,42
207054,30,16,7
75834,20,16,7
70823,95,91,57
75240,20,6,12
97709,5,21,12
199383,55,51,32
145980,30,6,12
69888,40,51,37
211321,110,71,77
166452,25,6,12
169597,40,6,37
195213,35,16,22
143084,40,36,57
84433,15,31,22
160752,25,6,12
103988,35,31,17
102258,20,26,7
193208,55,31,37
200063,20,6,12
142075,30,6,22
207120,30,26,22
176484,35,31,27
120973,25,21,12
155357,25,6,22
72071,20,6,17
199468,30,6,17
157991,25,6,12
69810,30,26,12
183060,50,76,57
191300,60,41,47
116290,65,61,57
155920,20,6,12
196772,35,6,52
125073,25,6,17
155479,25,21,7
198002,30,6,27
157256,60,51,32
81551,25,11,17
71011,50,16,22
200408,35,26,12
117611,30,26,12
196328,45,21,32
81675,30,16,7
111004,20,6,12
123037,40,26,47
69633,35,6,17
81669,15,21,7
190033,20,16,12
112023,20,11,7
108270,25,21,12
117718,20,16,7
187513,105,71,32
70519,30,26,7
179736,25,6,22
129784,40,6,27
196004,35,76,7
64764,15,21,7
107061,20,6,27
83525,65,71,7
176268,70,96,92
190609,30,21,27
81778,50,11,47
81031,50,56,82
197182,20,16,37
197345,35,31,22
100624,20,11,7
158133,20,6,17
103187,25,31,7
100220,35,21,27
99373,30,11,22
96939,5,11,17
199352,50,6,62
120029,25,6,17
197122,15,11,22
107527,35,6,12
69826,45,31,7
194893,85,6,42
203879,65,36,7
144715,85,76,82
113684,20,6,17
99703,30,21,27
103567,30,16,12
114762,20,6,12
200584,20,16,7
199732,150,6,162
178579,40,91,127
79470,20,16,7
138577,50,36,32
123904,15,21,7
117243,55,46,52
189701,30,36,52
70288,55,31,62
76822,20,11,7
119238,50,46,42
199588,30,6,37
194452,40,46,7
113691,20,6,17
115311,35,31,17
176495,60,46,22
81979,30,11,22
70158,20,6,17
84100,90,96,17
199515,50,26,7
198795,35,6,27
140185,65,26,12
70641,30,6,27
202927,35,31,47
190975,25,31,17
95269,25,11,7
97936,20,6,12
104646,35,21,12
96386,5,21,17
100509,35,11,22
201048,50,46,37
123899,5,16,22
192200,15,51,47
110458,15,21,12
83740,35,31,12
119383,30,6,27
119150,60,26,12
202941,45,6,27
106875,45,51,42
187552,65,6,22
71417,30,16,27
111104,75,6,32
70826,25,21,12
107001,5,31,12
104842,10,16,22
186491,75,71,7
200435,25,6,32
65014,70,56,47
100168,20,16,12
166208,20,26,7
138184,95,6,147
96503,20,11,27
205291,20,36,7
70558,15,6,12
83652,30,36,7
114623,20,26,32
164801,30,16,27
195269,35,76,42
81160,75,11,7
111963,60,6,42
194710,115,86,42
118942,35,6,22
196461,35,11,7
159354,55,26,52
99746,20,6,12
109754,35,6,27
190053,30,21,17
83743,50,21,42
121613,20,6,12
173273,80,41,77
199605,45,76,42
106588,30,16,27
193355,65,61,52
70436,30,16,7
106252,20,6,12
105110,25,36,12
210559,70,41,57
204077,25,6,17
203759,65,26,22
85444,30,11,17
161168,50,46,17
112061,25,6,42
189703,65,56,62
203248,30,51,7
163352,25,6,17
84099,35,26,22
105921,45,6,12
139113,105,111,102
121800,50,71,67
192044,60,6,42
107194,30,16,22
70903,60,36,32
126654,30,11,27
138152,25,21,17
71008,55,51,7
194158,35,21,12
104535,45,36,7
208527,20,36,12
71370,90,86,72
115638,55,26,32
199700,25,21,12
117663,20,16,7
146161,30,21,27
148158,10,16,22
202934,35,6,22
181687,45,16,42
196076,20,26,7
203582,15,11,27
104022,35,16,32
191138,15,6,12
196927,30,21,17
79094,25,6,12
119375,30,11,7
187550,30,61,42
203514,45,26,42
208403,100,76,7
148240,210,201,117
85032,45,51,7
161664,80,16,32
70302,30,26,7
192819,15,6,12
138888,60,21,27
192240,20,46,72
145769,20,6,12
200856,65,56,27
192004,5,16,22
81308,140,136,77
80430,50,66,57
176674,35,6,32
190447,15,26,7
98375,5,21,27
201655,30,26,22
189867,20,16,7
140687,90,36,7
81657,25,6,12
201280,95,71,22
84060,45,31,42
146164,15,6,22
196969,35,11,32
145888,45,21,37
85529,115,81,87
173638,5,26,22
201835,5,21,17
191242,55,81,107
171459,65,46,27
103603,65,26,32
72884,20,26,7
115190,50,41,7
161639,40,31,7
190875,25,6,22
117265,50,41,47
194590,20,6,12
163737,75,16,62
112401,25,6,17
211169,45,16,7
179177,35,31,12
143557,5,136,87
199222,30,26,7
83955,100,46,67
164660,140,6,12
175313,30,11,17
119060,45,6,22
76597,30,26,17
146024,25,11,7
135791,20,16,7
83541,65,61,32
173756,50,46,42
205895,10,6,27
120191,5,31,17
194113,90,51,27
70952,20,6,17
115422,60,6,47
97145,35,21,27
124995,45,6,17
76327,10,16,7
85180,5,76,62
167627,25,6,22
162674,95,116,87
199757,25,16,7
97324,20,6,12
107060,45,41,17
100201,30,16,27
111704,25,21,12
168438,55,61,27
81563,45,26,52
190732,85,121,47
86672,25,46,7
102839,95,46,87
116232,45,36,27
115883,35,6,27
203074,150,146,47
94874,25,6,22
199687,25,11,7
142205,45,36,27
197344,30,11,17
85104,65,6,47
179393,20,31,27
110117,35,21,32
118994,35,31,22
119095,35,26,22
194665,25,6,17
202708,30,21,12
85115,25,6,17
204705,30,21,7
192100,30,26,22
123798,25,31,12
80661,55,36,42
86511,20,16,12
205606,50,26,32
120567,45,16,7
83627,30,6,22
75622,45,21,32
116651,30,16,22
155569,20,16,7
108250,15,21,12
112966,65,6,37
193194,100,96,47
96084,20,16,7
158525,40,36,17
197010,20,16,7
79161,60,36,42
190993,55,6,27
134021,20,16,7
101837,85,66,37
120267,90,21,12
199926,20,11,17
149294,65,61,52
71197,70,16,32
173195,25,16,22
197262,20,36,12
196996,110,56,27
196169,45,91,42
193761,50,16,82
100242,20,6,17
119026,30,6,12
114924,35,6,12
195176,30,26,7
194740,5,21,27
182318,50,36,77
199153,25,11,22
120189,5,16,22
99312,25,6,12
201243,25,16,22
127039,60,26,32
196233,25,11,22
202890,25,16,12
191169,20,16,7
73779,20,16,7
85910,20,6,12
190636,30,16,22
118061,125,66,7
198066,30,21,7
201623,35,31,7
201662,20,16,7
163123,75,71,52
105270,80,36,22
119370,20,6,17
85981,15,21,12
142243,90,51,32
136197,45,31,12
179796,25,31,47
196892,25,6,12
145904,50,41,32
205680,15,76,12
70575,60,6,12
121382,5,16,22
102006,20,16,7
160791,30,76,72
114343,30,21,7
136144,20,6,12
203773,100,86,17
191863,5,26,52
117708,25,16,7
199717,20,16,7
103261,20,11,27
83992,20,11,17
144855,85,101,97
71566,90,96,102
190987,55,31,7
104209,55,41,27
199428,25,6,22
84622,65,46,72
198065,60,36,47
81300,20,6,17
191235,70,41,67
103097,20,61,32
153777,20,6,17
199044,70,66,37
70934,45,66,37
99401,20,16,12
190965,20,36,7
198905,25,6,17
112195,70,11,22
196222,50,66,62
111438,15,6,32
198851,25,21,7
172361,5,26,17
211127,30,41,17
192150,55,6,47
191565,30,11,27
107239,10,26,22
198361,20,6,17
199701,30,26,22
123187,45,11,52
83939,45,41,37
200300,5,36,42
194769,45,6,52
105823,20,11,17
100828,5,21,12
113381,30,46,27
205691,75,11,32
83420,10,26,32
115241,35,31,7
127032,50,36,32
120110,35,31,57
120391,15,21,7
102327,15,11,7
197929,45,81,97
118686,20,11,17
145915,65,46,22
110922,20,16,7
157115,70,26,142
118582,15,21,7
113153,20,6,12
69650,110,36,32
186650,25,46,32
190791,30,6,22
119072,20,26,12
122448,25,16,22
107584,45,16,12
195210,60,36,47
71294,65,11,17
196400,15,21,12
209140,40,66,7
145920,20,6,12
143552,45,21,32
117360,30,56,22
163994,20,16,7
204259,70,26,62
73675,10,6,22
107696,20,26,12
190803,10,51,7
95514,25,21,17
164097,30,26,7
99576,25,6,12
118537,25,6,17
146733,60,36,32
114514,15,21,7
86585,25,16,22
158467,85,41,47
120227,5,31,12
202199,25,16,22
194102,30,21,12
83104,35,6,32
114918,60,11,32
190708,35,31,7
205688,120,131,37
166985,105,81,7
85294,45,31,12
198449,60,16,57
103825,25,6,22
196295,45,26,7
199103,30,6,17
198145,15,21,12
80032,95,16,92
185164,65,21,17
174951,35,26,17
119742,35,11,27
79710,15,21,27
106954,45,26,32
195058,30,41,67
120943,30,36,77
72415,25,21,17
115154,30,6,12
200999,30,6,22
198136,35,31,22
189314,70,46,62
79223,75,36,62
150938,130,61,7
192282,25,6,17
196175,70,86,7
210641,55,46,52
117011,105,76,97
210055,130,36,42
85009,35,31,22
174918,30,36,22
194987,70,26,12
111277,30,6,37
198107,40,51,37
71415,80,71,32
148222,10,31,22
114626,50,6,22
82693,35,26,17
96859,20,16,7
195287,5,41,27
205605,110,101,57
112193,20,6,12
139116,85,36,42
152411,20,6,12
117692,70,81,87
104094,20,6,17
111506,20,31,37
112890,55,6,47
93262,30,21,17
209367,190,31,167
199180,20,6,12
183581,75,56,72
199214,45,51,27
81709,20,6,17
105870,30,11,27
117240,35,16,22
83607,50,41,37
167860,50,21,42
156591,25,6,12
200801,75,66,42
196802,25,21,7
200479,85,31,67
144204,25,6,22
199093,15,56,32
70249,25,6,22
204277,125,6,42
203266,20,16,7
112103,50,46,17
69894,30,21,27
118592,10,21,17
109117,45,41,32
108065,60,11,22
85054,150,6,12
118792,40,36,47
107249,15,21,7
75658,20,6,12
175320,45,41,12
206291,65,61,57
145366,35,31,42
117506,20,6,17
174954,50,21,17
203430,45,11,22
121051,45,41,7
103182,35,21,47
207145,175,6,97
83497,25,16,12
190863,20,16,7
99335,20,6,17
85233,45,31,12
115113,35,31,27
191403,35,81,77
110918,50,6,27
97509,35,16,22
123726,35,26,32
120075,75,51,7
192434,35,26,17
96732,20,16,12
101498,30,21,7
200869,45,26,42
159311,20,26,32
120700,25,16,22
190268,25,6,17
69508,65,61,72
119904,25,21,32
184314,25,6,12
70853,20,6,32
69548,45,36,32
147598,30,6,17
163577,50,16,57
103206,20,16,7
197197,50,16,7
194357,5,31,47
103376,30,26,12
112483,20,26,17
185158,5,21,17
81279,35,31,27
122429,45,11,7
70157,20,11,17
198300,35,6,32
120058,30,16,47
190433,55,6,42
104588,20,6,12
200868,50,46,12
102370,15,6,22
69655,35,6,12
199724,30,6,22
122003,65,76,72
198221,30,21,17
140056,35,21,7
103633,25,6,22
75323,25,16,22
198176,10,6,22
118703,25,21,12
83536,35,6,17
166475,105,11,7
81536,20,6,12
198234,25,21,7
113168,20,16,7
116282,45,31,27
190348,20,11,17
110641,25,16,12
75839,15,21,32
85346,55,51,32
192298,50,6,32
129674,25,16,22
201500,15,6,32
108382,25,41,32
203976,5,126,152
184385,50,31,7
191211,25,6,22
110131,35,56,27
211231,70,56,7
194129,30,21,7
195082,30,26,12
161508,60,6,17
123188,50,41,7
156687,25,6,22
186646,80,31,37
168254,85,66,62
165780,30,76,17
203755,75,11,7
193078,60,56,27
195348,40,101,7
172357,30,36,27
84706,30,26,17
114377,30,51,27
148169,70,6,42
70610,30,16,27
200184,25,21,17
208732,25,6,17
204184,20,6,12
71165,25,11,17
109580,55,11,7
115357,25,16,22
146336,55,46,52
196545,35,16,32
200197,50,6,67
114322,25,6,17
193941,20,16,12
99785,25,6,12
204263,50,41,17
76590,20,6,17
147199,75,126,47
200772,20,6,12
69624,5,86,17
105575,45,21,42
207455,25,16,7
82289,60,51,22
201494,30,16,12
179601,90,106,47
196680,20,11,17
189821,20,6,12
206085,20,6,17
190470,75,71,47
195341,55,31,37
117710,35,31,77
157676,70,76,37
205137,15,21,27
82025,30,16,7
183611,55,51,37
80662,80,71,67
201584,20,11,17
99414,25,6,12
96931,25,21,12
115017,20,11,7
179946,30,6,27
200873,25,21,7
71187,55,31,52
192615,30,6,27
199373,30,6,22
85597,65,6,12
199220,30,26,7
191175,70,46,57
160706,50,76,7
205579,5,16,37
100867,30,11,17
203299,35,26,7
172932,30,11,7
195101,60,16,57
189190,30,6,27
80756,55,46,42
117022,120,126,97
114861,35,31,27
205354,20,6,27
95881,25,6,12
209336,85,81,17
184634,75,36,7
193964,25,16,12
192277,30,21,7
72194,20,6,12
80474,15,21,27
96779,20,31,37
191011,20,16,7
208926,20,11,7
194491,35,31,17
185592,75,21,32
81495,25,6,17
76909,25,46,22
206774,15,21,12
192766,80,46,32
184633,75,56,12
80616,45,21,32
190738,50,36,42
120425,35,6,17
69494,85,41,37
77119,30,11,22
169201,130,16,7
198143,70,26,37
166768,25,16,12
116378,80,36,7
191121,50,36,22
118163,25,21,17
177992,5,21,12
169484,40,61,7
200152,20,6,17
70893,20,76,62
76405,25,21,7
79148,20,11,7
201820,20,16,12
197147,25,51,47
105685,55,51,32
194107,45,41,37
147262,5,26,17
76592,25,6,22
126254,30,51,22
95194,5,16,22
120653,30,26,17
183656,45,26,7
145868,35,31,27
117156,45,51,27
206698,20,6,17
199269,30,26,17
204142,30,6,17
120149,25,16,7
201024,10,26,7
210143,35,31,27
140166,5,21,17
120128,10,21,17
130688,5,21,17
204518,40,31,17
200627,45,26,12
119149,30,21,12
121049,50,31,12
198370,40,46,57
145873,35,6,27
112338,60,46,17
161166,95,91,42
202799,35,41,82
117234,15,6,22
96180,15,21,7
190723,50,46,57
138428,5,16,12
199381,55,51,12
194576,55,31,27
189297,20,11,7
138083,60,16,22
160686,35,6,57
119197,25,11,17
95638,5,21,17
107828,35,11,17
198076,40,66,47
191085,30,6,22
190985,30,16,22
100871,5,21,17
175329,25,71,62
196435,55,21,27
104590,45,11,7
175011,55,46,12
145788,30,6,22
120294,25,6,17
94395,25,21,7
112025,5,16,22
114568,35,11,47
101583,20,16,12
145724,160,71,22
204861,20,11,7
79959,45,26,37
146157,50,21,47
203600,30,21,17
198163,15,21,32
211427,65,6,47
113879,30,26,7
207079,25,16,12
161740,45,31,7
79763,20,16,7
